geojson,airbnb
Anmore,
Arbutus Ridge,Arbutus Ridge
Barnston Island,
Belcarra,
Boulder Island,
Bowen Island,
Burnaby,
Carraholly Point,
Coquitlam,
Delta,
Downtown,Downtown
Dunbar-Southlands,Dunbar Southlands
Electoral Area A,
Fairview,Fairview
Grandview-Woodland,Grandview-Woodland
Hastings-Sunrise,Hastings-Sunrise
Kensington-Cedar Cottage,Kensington-Cedar Cottage
Kerrisdale,Kerrisdale
Killarney,Killarney
Kitsilano,Kitsilano
Langley City,
Langley Township,
Lions Bay,
Maple Ridge,
Marpole,Marpole
Mount Pleasant,Mount Pleasant
New Westminster,
North Vancouver City,
North Vancouver District,
Oakridge,Oakridge
Pitt Meadows,
Port Coquitlam,
Port Moody,
Renfrew-Collingwood,Renfrew-Collingwood
Richmond,
Riley Park,Riley Park
Shaughnessy,Shaughnessy
South Cambie,South Cambie
Strathcona,Strathcona;Downtown Eastside
Sunset,Sunset
Surrey,
Tsawwassen First Nation,
Victoria-Fraserview,Victoria-Fraserview
West End,West End
West Point Grey,West Point Grey
West Vancouver,
White Rock,
