geojson,cmhc
Anmore,
Arbutus Ridge,
Barnston Island,
Belcarra,
Boulder Island,
Bowen Island,
Burnaby,Capital Hill/Brentwood;University/Lougheed;Central Park;Deer Lake;Edmonds;Metrotown;Southeast Burnaby South
Carraholly Point,
Coquitlam,Coquitlam East;Coquitlam West
Delta,North Delta;Ladner
Downtown,Downtown/Downtown Central/Downtown North
Dunbar-Southlands,
Electoral Area A,
Fairview,South Granville;Uptown
Grandview-Woodland,Hastings/Sunrise/Grandview/Woodlands
Hastings-Sunrise,Hastings/Sunrise/Grandview/Woodlands
Kensington-Cedar Cottage,Cedar Cottage
Kerrisdale,Kerrisdale;Westside/Kerrisdale Remainder
Killarney,
Kitsilano,Kitsilano/Point Grey North;Kitsilano/Point Grey South;English Bay
Langley City,Langley CY
Langley Township,Langley DM
Lions Bay,
Maple Ridge,Maple Ridge
Marpole,Marpole Remainder;Marpole South
Mount Pleasant,Mount Pleasant
New Westminster,New Westminster East;New Westminster West
North Vancouver City,Central Lonsdale;Lonsdale East;Lonsdale North;Lonsdale West
North Vancouver District,North Vancouver DM East;North Vancouver DM West
Oakridge,
Pitt Meadows,Pitt Meadows
Port Coquitlam,Port Coquitlam
Port Moody,Port Moody
Renfrew-Collingwood,Renfrew;Collingwood
Richmond,Richmond City Centre;Richmond East;Richmond South;Richmond West
Riley Park,Riley Park
Shaughnessy,
South Cambie,South Cambie
Strathcona,Downtown Eastside/Strathcona
Sunset,Sunset
Surrey,Surrey City Centre/Cloverdale/Fleetwood;Cloverdale/Fleetwood;Guildford;Newton;South Surrey;Whalley
Tsawwassen First Nation,Tsawwassen
Victoria-Fraserview,Fraser View/Killarny
West End,West End/Stanley Park South;West End/Stanley Park North
West Point Grey,Point Grey
West Vancouver,Ambleside;Dundrave/West Vancouver Remainder
White Rock,White Rock
,University Endowment Lands
,Vancouver
,North False Creek
,South False Creek
,Westside Heights
