geojson,rebgv
Anmore,
Arbutus Ridge,Vancouver West
Barnston Island,
Belcarra,
Boulder Island,Bowen Island
Bowen Island,
Burnaby,Burnaby East;Burnaby North;Burnaby South
Carraholly Point,
Coquitlam,Coquitlam
Delta,Ladner
Downtown,
Dunbar-Southlands,Vancouver West
Electoral Area A,
Fairview,Vancouver West
Grandview-Woodland,Vancouver East
Hastings-Sunrise,Vancouver East
Kensington-Cedar Cottage,Vancouver East
Kerrisdale,Vancouver West
Killarney,Vancouver East
Kitsilano,Vancouver West
Langley City,
Langley Township,
Lions Bay,
Maple Ridge,Maple Ridge
Marpole,Vancouver West
Mount Pleasant,Vancouver East
New Westminster,New Westminster
North Vancouver City,North Vancouver
North Vancouver District,North Vancouver
Oakridge,Vancouver West
Pitt Meadows,Pitt Meadows
Port Coquitlam,Port Coquitlam
Port Moody,Port Moody
Renfrew-Collingwood,Vancouver East
Richmond,Richmond
Riley Park,Vancouver East
Shaughnessy,Vancouver West
South Cambie,Vancouver West
Strathcona,Vancouver East
Sunset,Vancouver East
Surrey,
Tsawwassen First Nation,Tsawwassen
Victoria-Fraserview,Vancouver East
West End,
West Point Grey,Vancouver West
West Vancouver,West Vancouver
White Rock,
,Whistler
,Squamish
,Lower Mainland
,Greater Vancouver
,Sunshine Coast
