listing,cmhc,rebgv
Arbutus Ridge,,Bowen Island
Downtown,Downtown,Burnaby East
Downtown Eastside,,Burnaby North
Dunbar Southlands,,Burnaby South
Fairview,English Bay,Coquitlam
Grandview-Woodland,,Greater Vancouver
Hastings-Sunrise,East Hastings,Ladner
Kensington-Cedar Cottage,,Lower Mainland
Kerrisdale,,Maple Ridge
Killarney,,New Westminster
Kitsilano,Kitsilano/Point Grey,North Vancouver
Marpole,Marpole,Pitt Meadows
Mount Pleasant,Mount Pleasant/Renfrew Heights,Port Coquitlam
Oakridge,South Granville/Oak,Port Moody
Renfrew-Collingwood,,Richmond
Riley Park,,Squamish
Shaughnessy,,Sunshine Coast
South Cambie,,Tsawwassen
Strathcona,,Vancouver East
Sunset,,Vancouver West
Victoria-Fraserview,,West Vancouver
West End,,Whistler
West Point Grey,,
,Central Park/Metrotown,
,Delta,
,Langley City and Langley DM,
,Maple Ridge/Pitt Meadows,
,New Westminster,
,North Burnaby,
,North Vancouver CY,
,North Vancouver DM,
,Richmond,
,Southeast Burnaby,
,Southeast Vancouver,
,Surrey,
,Tri-Cities,
,University Endowment Lands,
,Vancouver,
,West End/Stanley Park,
,West Vancouver,
,Westside/Kerrisdale,
,White Rock,