geojson,airbnb,rebgv
Anmore,,
Arbutus Ridge,Arbutus Ridge,Vancouver West
Barnston Island,,
Belcarra,,
Boulder Island,,Bowen Island
Bowen Island,,
Burnaby,,Burnaby East
Burnaby,,Burnaby North
Burnaby,,Burnaby South
Carraholly Point,,
Coquitlam,,Coquitlam
Delta,,Ladner
Downtown,Downtown,
Dunbar-Southlands,Dunbar Southlands,Vancouver West
Electoral Area A,,
Fairview,Fairview,Vancouver West
Grandview-Woodland,Grandview-Woodland,Vancouver East
Hastings-Sunrise,Hastings-Sunrise,Vancouver East
Kensington-Cedar Cottage,Kensington-Cedar Cottage,Vancouver East
Kerrisdale,Kerrisdale,Vancouver West
Killarney,Killarney,Vancouver East
Kitsilano,Kitsilano,Vancouver West
Langley City,,
Langley Township,,
Lions Bay,,
Maple Ridge,,Maple Ridge
Marpole,Marpole,Vancouver West
Mount Pleasant,Mount Pleasant,Vancouver East
New Westminster,,New Westminster
North Vancouver City,,North Vancouver
North Vancouver District,,North Vancouver
Oakridge,Oakridge,Vancouver West
Pitt Meadows,,Pitt Meadows
Port Coquitlam,,Port Coquitlam
Port Moody,,Port Moody
Renfrew-Collingwood,Renfrew-Collingwood,Vancouver East
Richmond,,Richmond
Riley Park,Riley Park,Vancouver East
Shaughnessy,Shaughnessy,Vancouver West
South Cambie,South Cambie,Vancouver West
Strathcona,Downtown Eastside,Vancouver East
Strathcona,Strathcona,Vancouver East
Sunset,Sunset,Vancouver East
Surrey,,
Tsawwassen First Nation,,Tsawwassen
Victoria-Fraserview,Victoria-Fraserview,Vancouver East
West End,West End,
West Point Grey,West Point Grey,Vancouver West
West Vancouver,,West Vancouver
White Rock,,
,,Whistler
,,Squamish
,,Lower Mainland
,,Greater Vancouver
,,Sunshine Coast
